genotype,ST_PCT,ST_PCT.pred,ST_mg,ST_mg.pred,SUC,SUC.pred,GC,GC.pred,TS,TS.pred,TC,TC.pred
2,25.09802481,22.78689607,38.20672154,41.00468882,7.071430249,7.850316332,1.069,1.487126314,7.327944037,7.948313465,45.53466557,49.41665619
21-396-68B,20.06055436,23.15072202,47.71005833,59.41562105,10.73905089,8.098818994,0.892,0.799860554,14.537379,12.70576807,62.24743734,61.91617861
245,18.80045803,17.33371882,27.30412866,30.66115726,9.0132917,7.360475486,2.387,1.871057959,10.7993559,8.541652704,37.72620074,32.95311688
471_U6,10.15293859,15.88163784,16.06133554,24.80917664,8.395733935,6.548760641,0.8365,1.020396403,9.989474354,8.775059763,26.0508099,28.15185996
592,32.16859776,30.48091526,77.44114246,70.80050236,7.599852321,9.143320315,0.656333333,0.982578289,9.616980244,12.43855665,87.05812271,76.87819946
789,23.89337786,25.40581631,57.56490795,68.83807353,8.871212507,7.733094915,0.373,0.679316394,9.301309444,10.48417456,66.86621739,69.73713158
83610b,19.16146466,15.52004073,24.69794136,30.75939102,6.497100628,5.742779975,0.6365,0.51147507,7.75396658,6.876457917,32.5748097,38.52102986
883,23.80602743,20.91079064,32.48790979,33.34214656,3.391188504,5.36439116,0.974,1.10353441,5.939495685,6.092025886,39.19100287,35.53712789
A619 su1-NC,33.32500961,34.65645288,81.11973772,82.20564426,NA,NA,NA,NA,NA,NA,NA,NA
A619 su1-NE,15.49738203,16.33226712,26.35018973,28.44464384,NA,NA,NA,NA,NA,NA,NA,NA
A619 su1-P,45.31383195,46.56326677,115.5140374,114.7551507,NA,NA,NA,NA,NA,NA,NA,NA
A619 su1-SW,26.40502108,28.45191116,52.75720995,52.8303527,NA,NA,NA,NA,NA,NA,NA,NA
A632 su1-CM,39.45749668,41.51481244,70.58765508,67.40635609,NA,NA,NA,NA,NA,NA,NA,NA
A632 su1-NC,38.19167374,36.51566349,70.28178665,61.20146005,NA,NA,NA,NA,NA,NA,NA,NA
A632 su1-NE,30.73010022,27.16828388,52.29130092,49.06184938,NA,NA,NA,NA,NA,NA,NA,NA
A632 su1-P,46.52093315,46.17316015,97.12621073,91.74974341,NA,NA,NA,NA,NA,NA,NA,NA
A632 su1-SW,36.71237598,32.72108167,75.13381487,58.0920711,NA,NA,NA,NA,NA,NA,NA,NA
A684su,24.81428814,27.64053267,48.09419031,65.94545248,4.39816236,5.718976995,0.705666667,0.749226778,6.035309785,5.686894149,54.91963322,60.33463787
A685su,20.84088808,19.9299849,41.65309158,45.73402558,NA,NA,0.819,1.062843914,8.628132765,8.82730197,50.07654429,53.26315338
A7,59.31771234,51.07184812,81.59077629,68.16861881,5.109512048,4.380818764,0.0415,0.315197967,5.330658931,4.597887934,104.1116527,95.94827515
ARZM_19_051,24.81914056,26.30933873,41.81401403,35.06078073,3.840550091,5.714956125,0.059333333,0.209164637,4.046797354,5.953967207,46.11933736,47.60880657
ARZM_21_009,26.95623074,23.02411144,44.35852971,37.37334701,4.399988608,5.328702836,0.247666667,0.389940073,4.993081538,5.735780265,49.35161125,43.87669408
ARZM_21_013,29.48506348,31.66175814,69.96966435,66.31784088,7.810489963,7.656995107,1.464,0.959562364,9.724491614,8.429477858,79.69415596,73.89207942
Andjar_Bekaa,28.98667111,26.48353146,45.8580737,42.12718603,5.95317931,5.507098329,0.691666667,0.813820437,6.631784965,7.509889764,53.11200648,53.66775927
Atkinson,32.96013335,36.55353769,111.2238372,103.3107399,10.59684219,10.34522126,0.718666667,1.042234643,12.77216253,12.10586828,123.9959997,117.4627291
Aunt_Marys,31.90783146,30.90148411,77.15268651,71.20818332,6.746526845,8.370573621,0.79,0.600472286,8.722975632,8.801762194,85.87566214,77.69010844
C2,58.34098176,50.02193984,95.0976591,82.07098855,3.337202933,5.298126218,0.147,0.119030622,3.758555433,5.021446346,92.68195494,85.14558791
C31,32.35513431,26.65056242,40.7935409,30.94476955,3.188334283,4.384857012,0.813666667,0.771166763,4.305744506,5.390885622,45.09928541,40.97260037
COES_28A-1,21.04265059,18.78039941,14.12898253,8.16021939,2.518151256,3.538977573,0.266,0.530832579,2.802268774,3.387266929,13.9765349,16.13231047
COES_46A-1,26.84663362,30.92523393,32.54601104,42.15511664,5.155375058,5.641332338,0.351333333,0.18714516,6.022521641,5.877857526,38.56853268,44.71389278
CRC_61,25.7853118,26.73352395,52.94703158,50.10312001,7.854631437,7.169174813,1.152,0.896871564,9.764096725,9.069238421,62.65176721,66.84835782
CTS62_Su,30.51694385,34.60129584,73.63100515,82.51515859,8.481823845,8.26322555,0.131666667,0.033664741,9.27280329,8.728616809,82.90380844,85.77892299
CTS6_1,38.47105869,45.6599013,80.96828535,85.53820522,5.004173494,6.649629764,0.154,-0.527227005,5.614024367,6.227618468,86.58230972,92.68723163
Chile_339,22.8323106,21.04041398,51.8305585,36.74045851,NA,NA,0.493666667,0.603298389,NA,NA,62.92632936,67.18418077
Country_Gentleman,26.952308,32.66200148,54.25415732,67.55970703,8.52871212,6.437577404,0.944,1.113799808,10.14213807,9.557348404,64.0234203,69.28533771
Cubano,22.85252487,21.15780273,43.03277636,38.23197992,6.314307475,7.729521762,1.407,1.238260259,9.081333516,9.765170416,52.75928022,55.8873206
FL32,19.70964251,23.40024971,17.42407323,19.02819591,2.869089409,4.03825461,0.128333333,0.313393595,3.155719724,4.069201063,22.13769643,23.71659973
GSSS_sh2,25.76507423,24.18320178,38.04745736,31.7035915,7.070956073,5.592278241,0.1435,0.334526267,7.520559832,7.74805887,44.62102161,43.25028856
Glancaster_sh2,22.97156782,20.81596827,30.14253918,19.05543625,7.701450462,8.605191252,0.712666667,0.772269992,9.758188987,10.21518712,38.83251241,35.82806581
Golden_Gem,29.14275891,28.48136441,47.10909739,48.9729057,4.614567619,4.763170568,0.509333333,0.512445627,5.530388197,3.67023948,52.63948559,54.49949894
Howling_Mob,18.0130489,16.33086482,44.55666944,43.55948355,5.605408198,5.690989637,0.088,-0.085022263,5.811066263,5.237536826,53.58300618,44.01981277
I108-2-2-2-2-1-1-1,22.61884417,18.73073966,20.58851999,14.24820012,5.355318975,4.666631568,0.67,0.986500811,6.051571924,5.1323024,26.64009191,16.27639946
I31-1-1-1-2-1-1,28.6768041,23.64537514,28.39417868,21.27949748,3.872055087,3.403565906,0.1295,-0.053461934,4.159047347,4.72779147,32.37619517,26.71046737
I9-1-1-1-1-1-1,3.200725179,0.889452213,1.875862925,-2.190396872,3.677632955,2.278351321,0.2425,0.058611047,3.941505036,2.745084442,5.496890608,4.906234798
I97-1-1-1-1-1-1,18.89205667,19.36677539,22.87596101,18.03198767,3.634812291,4.466134383,0.128,0.298944769,3.986267183,4.959134894,27.28109897,28.25915052
IL110K,30.45711287,35.02191385,56.60894542,58.83021026,6.591710897,5.649195314,0.322,0.2391751,5.723767305,6.029363292,63.50977934,69.04191958
IL112t,22.01777685,21.9950211,39.28409236,44.12423371,4.945970983,5.789256841,0.896,0.597264998,6.583421046,6.241695055,38.65904996,37.98691801
IL13B,18.97037128,21.73226801,24.49188755,39.39226137,NA,NA,1.406333333,0.891317688,NA,NA,20.74517397,23.71582566
IL14C,10.6560728,19.09853994,21.44824075,29.62494597,8.765193218,9.846234508,0.421,0.983997696,10.23844395,10.88918123,36.58738196,44.60468487
IL14b,16.87119368,20.33716404,37.99942504,49.20758802,5.09453152,7.028811243,0.0485,0.335763797,5.397407535,4.706438298,43.39683257,44.83153688
IL18b,13.7398202,21.14969366,20.83673953,31.04667774,5.241573349,5.830310162,1.925333333,1.416091839,8.378691587,8.196070071,29.21543112,36.10483807
IL200e,17.53907753,21.98651805,24.65428735,36.57391131,4.787073056,5.26390921,0.1925,0.293433217,5.254546771,4.296295385,29.48101495,34.37703346
IL279AxRp1d,23.60417865,21.88205131,44.19775221,39.66751748,NA,NA,0.8255,0.828467028,NA,NA,51.41516334,47.88806958
IL303b,23.83513631,24.92881451,52.92920401,45.19444405,9.362787622,7.00751975,0.855666667,0.330455793,10.9715776,10.39829702,63.95336267,58.87885337
IL323a,18.55170017,23.34478005,29.34599296,38.92910451,7.133416349,6.101049464,0.813,1.019239199,8.727638507,7.903670381,44.03716726,42.31258279
IL442a,11.52874174,16.66867957,10.69353096,12.77033369,5.062860455,4.354854186,0.428333333,0.823393519,5.612254466,4.80999952,16.30578543,18.30133119
IL454a,10.25871467,10.94213056,13.96866358,15.43993721,6.025177402,5.678089602,0.404666667,1.244666795,6.991400389,8.504714861,20.96006397,24.60122186
IL707a,18.82914223,13.05415342,13.35661953,20.00151056,2.482387688,3.014066495,4.684333333,4.82985783,5.59335283,6.636869652,18.94997236,17.79234004
IL713a,22.66779143,25.90532406,44.34533843,54.08517383,7.641234795,7.68795461,0.234,0.636827557,7.798450699,10.70001382,56.41646428,60.48133238
IL744a,18.69339423,19.53695974,37.10314993,51.50975635,6.017292443,6.548589255,0.476666667,0.438076848,7.515519953,7.918527386,44.91332114,40.32668503
IL789b,17.84060085,19.40809433,28.76629276,34.1873566,8.801227533,5.983731519,1.156666667,0.712505883,11.02391004,8.964434074,39.7902028,40.48752748
IL86e,30.35897332,30.79181146,68.16769297,67.62826483,10.79263376,8.096645839,1.307666667,0.890769109,14.50271338,12.91239925,82.67040635,76.48815647
ILB5870,22.6029712,17.76532654,23.44428856,26.59255083,1.772693656,3.294211431,0.007,0.013538136,1.824348199,2.944608643,25.05247792,29.15238498
ILB6011,20.1834232,24.94195924,39.81509007,55.85671804,7.669649783,8.519866308,1.478,1.21277971,11.46967718,10.76085224,49.12930419,57.84738158
Ia2003,18.582536,21.38005056,34.8664082,45.46156188,3.334410442,5.697791635,0.0525,0.462345972,3.53287645,5.535502474,38.39928465,46.48837571
Ia4189,23.22649441,26.87441945,40.44714454,48.75252319,8.122073279,5.174128024,0,-0.097263155,8.171097858,6.990065797,48.61824239,53.72976387
Ia453_WT,48.0915548,40.86793069,78.37138588,56.38815655,8.117745021,5.898850679,0,0.21080193,8.21422445,8.212635817,87.13762201,75.65071095
Ia45_2,17.53365184,16.25989528,21.67667374,24.25757471,3.822942614,4.602095265,1.425333333,1.466508678,6.284501378,6.195144177,25.70762916,21.56531598
IaEV3004,17.00842742,20.54700735,32.91087769,43.23433103,8.280251194,7.086628268,0.1095,0.418190899,8.717646195,8.048431287,41.62852388,50.09537113
If853,24.75374514,24.73242991,23.15788702,12.91746209,3.42640115,3.828386824,0.152,0.268310498,3.695627193,4.058453534,26.85351422,17.15309332
Jubileeex9017,33.30370928,34.58247778,55.33566091,59.61324235,5.062892624,4.676408083,1.124,0.926683769,5.638014824,4.447552323,61.72012949,63.0967584
K115-1-1-1-1-1-1-1-1B-1,31.14313455,32.06392941,25.56727137,26.45330628,3.964375087,3.684422147,0.329,0.497695081,4.470280461,4.259664218,29.26848941,34.21996805
K127-1-1-1-2-1-1-1-1,31.71045635,29.99506478,37.89793111,35.52167426,4.068936715,4.869850166,NA,NA,4.744913463,5.806000796,42.07179612,41.94215329
L108-2-1-1,26.57981373,24.10446751,27.24271415,23.55118491,4.463448942,3.229742162,0.169,0.495503725,4.809682704,4.258663347,32.05239685,22.17522446
L185-1-1-1-1-3-1,24.75166382,28.02627277,17.93114364,18.61596393,3.041050469,2.903029233,0.106,0.162562253,3.239142361,2.741444683,21.170286,21.62768303
MDM_17,29.38800045,27.44961628,60.91742854,64.24122922,6.145738282,5.401232835,0,-0.031531558,6.292543787,5.782577261,60.95853629,61.62909896
MDM_19,30.47901608,27.62591046,64.1959655,53.11893717,5.331686616,6.902413564,0,0.245578227,6.285015171,6.985335445,69.08558267,61.02489789
MR10,41.50572733,36.59592125,82.60858479,74.20540644,1.585519761,4.373330461,0.113666667,0.056393467,1.65340743,5.299885051,102.4550925,96.46913086
MR14,26.48353049,27.8542176,50.20428461,54.7866831,7.933146464,6.210625906,1.029,0.416647985,10.16937844,8.775393506,60.37366305,57.95436913
N12A-1,6.226204998,10.79978042,3.314488911,6.553910943,2.614004154,2.427723191,0.4255,0.373464899,3.408951396,3.067690466,7.739577707,6.988831214
N142A-1,18.72298432,22.24339592,18.32311301,32.11160867,4.347888502,4.156103428,0.2315,-0.149778252,4.800482275,4.601497676,23.12359529,33.76144341
N45A-1,7.551936454,7.965768143,4.354920584,5.556914314,2.801998468,2.832295564,0.233333333,0.040572446,3.049258131,2.625587198,7.404178715,8.917058637
N46A-1,25.94765885,30.10231554,22.25391818,23.87199574,3.593783764,2.859903404,NA,NA,3.790790621,3.53384666,26.0447088,27.40048845
N72A-1,22.82921262,25.02591141,16.81754958,26.35159305,2.639364983,3.245144555,0.3855,0.436374423,2.843170732,5.270047983,19.45868836,23.17888674
N99-1-1-1-1-1-1-1,23.43187124,21.89023063,23.47555363,25.87318065,3.540836836,4.020450417,0.0655,0.28291838,3.72472732,4.521222006,27.20028095,25.01680256
No_1577,20.99724023,21.2695603,35.67095614,37.87887112,6.325826915,6.124075537,1.159666667,1.0522187,8.54167018,7.853791267,44.21262632,41.01718245
P39M94,20.5484551,19.04425967,26.90380743,24.40618358,4.506224441,4.239490559,1.214,0.859702047,6.225900426,5.292672431,33.12970786,31.35555607
P39_New,28.35809668,31.99670434,51.13882253,63.77927588,5.330656803,5.515048526,0.388,0.171510206,6.140741603,8.213594517,57.27956413,63.44980757
PAIA_453,22.07006622,26.40152182,41.54755836,45.89194488,5.870205436,6.404461957,0.096,0.318235216,6.047213903,6.694645288,47.66221011,46.68658902
SD226,46.99277509,43.87876029,90.32883741,92.11035115,3.700287209,6.156701058,0.5565,0.577359009,4.836093226,5.736090904,95.16493065,92.33480911
SD469,25.21621994,30.40870784,48.87399532,57.50729521,7.248728425,6.124525532,0.751,0.189238481,8.720330566,7.720497211,57.59432589,63.72313656
SD909,17.68267679,23.92209095,13.7527507,24.5394843,2.121046204,1.818024247,0,-0.083635778,2.166078926,1.683011804,15.91882963,21.60113245
STRAIN_304A-408-68B,36.82924251,28.21583992,58.18324186,45.27146605,NA,NA,NA,NA,NA,NA,NA,NA
STRAIN_465A-421-68B,24.52434547,23.4620964,53.0091946,59.29548114,NA,NA,NA,NA,NA,NA,NA,NA
Sel. from_231227,17.75362652,21.8070354,36.78994651,47.42286186,6.551729606,7.860180395,0.571333333,0.725470608,8.264512262,9.23750631,45.05445877,50.05807927
Sep._from_170882,37.73146797,39.98170977,88.9355308,80.2411824,4.882421507,6.26421559,0,0.037407381,4.882421508,6.643908591,83.69465216,79.16842446
Slatka_Pukanka,28.02000599,31.68386879,60.70645086,61.42777877,NA,NA,NA,NA,NA,NA,NA,NA
Sonora_108,27.58564572,25.27646984,58.48465956,54.67202736,NA,NA,NA,NA,NA,NA,NA,NA
T64S,30.61614362,21.94838716,83.8096764,63.27832642,NA,NA,NA,NA,NA,NA,NA,NA
Tesuque_Pueblo,31.22436556,25.57272504,35.18447709,26.17971263,NA,NA,NA,NA,NA,NA,NA,NA
UFI9EC,36.47113245,36.42587048,44.13572328,52.90652829,NA,NA,NA,NA,NA,NA,NA,NA
V781,14.07810985,23.38250313,19.6245122,28.78847573,NA,NA,NA,NA,NA,NA,NA,NA
VIII/221,44.10842531,47.03401184,115.1907127,116.7316668,NA,NA,NA,NA,NA,NA,NA,NA
W6720_2,33.77666152,29.29339165,33.02167297,28.39860864,NA,NA,NA,NA,NA,NA,NA,NA
W6786,45.35143735,40.27725398,78.29533022,59.6514736,NA,NA,NA,NA,NA,NA,NA,NA
W85,69.20069868,56.41840573,101.8764344,71.77223123,NA,NA,NA,NA,NA,NA,NA,NA
Wh9261,31.38583617,32.24018895,40.36881605,31.84183622,NA,NA,NA,NA,NA,NA,NA,NA
Whipples_Yellow,30.53540225,29.97904222,70.53301671,64.11382021,NA,NA,NA,NA,NA,NA,NA,NA
Wu00801,20.27656402,21.63917347,52.91722553,59.57579939,NA,NA,NA,NA,NA,NA,NA,NA
Z07_001,35.06111355,32.25020723,74.04007417,63.20619621,NA,NA,NA,NA,NA,NA,NA,NA
Z07_003,35.30621875,32.24288032,90.54605506,84.63010289,NA,NA,NA,NA,NA,NA,NA,NA
ZARYA_123,24.67899108,29.38403386,46.046685,54.3727645,NA,NA,NA,NA,NA,NA,NA,NA
we05407,25.61875221,28.35330383,32.02161395,39.99982221,NA,NA,NA,NA,NA,NA,NA,NA
we05410,31.57216994,33.06447532,40.12362179,35.15778877,NA,NA,NA,NA,NA,NA,NA,NA
we08408,33.76723054,26.14074407,77.7023891,55.94637746,NA,NA,NA,NA,NA,NA,NA,NA
we1095407-2,32.25995397,28.74019762,47.8908277,46.26551727,NA,NA,NA,NA,NA,NA,NA,NA
wh03031,19.46963744,17.74189724,20.02629837,19.40545648,NA,NA,NA,NA,NA,NA,NA,NA
wh04020a,40.51945998,30.14863746,56.36088996,42.1772853,NA,NA,NA,NA,NA,NA,NA,NA
wh05051,31.27279112,32.2333579,40.51996004,45.47798395,NA,NA,NA,NA,NA,NA,NA,NA
wh05081b,26.69379054,25.77407748,31.29330358,36.8856306,NA,NA,NA,NA,NA,NA,NA,NA
wh07029,35.96561402,35.14293575,35.29368584,40.61464139,NA,NA,NA,NA,NA,NA,NA,NA
wh07166R,23.69474535,25.4118277,26.33862391,26.91499596,NA,NA,NA,NA,NA,NA,NA,NA
wh08042,28.34600788,35.2525679,37.86503637,50.16319699,NA,NA,NA,NA,NA,NA,NA,NA
wh08114,33.36726248,30.55518583,36.33649233,27.86545186,NA,NA,NA,NA,NA,NA,NA,NA
wh09068,17.67381586,18.53883516,12.81163362,24.3648198,NA,NA,NA,NA,NA,NA,NA,NA
wh09126R,24.01843755,24.28475779,24.49763062,24.93652927,NA,NA,NA,NA,NA,NA,NA,NA
wh09141R,21.88343042,20.7769267,10.10459822,8.748430907,NA,NA,NA,NA,NA,NA,NA,NA
wh10034R,29.99033883,32.37740955,31.27769457,36.24325559,NA,NA,NA,NA,NA,NA,NA,NA
wh10067R,26.93052836,26.31917054,25.57950094,22.21672702,NA,NA,NA,NA,NA,NA,NA,NA
wh10090R,27.88528,25.16210795,31.13233041,22.63420559,NA,NA,NA,NA,NA,NA,NA,NA
wh10105R,26.16376165,27.05072086,30.20469732,29.98841933,NA,NA,NA,NA,NA,NA,NA,NA
wh10163,26.72649876,28.36468242,24.04704292,30.0189979,NA,NA,NA,NA,NA,NA,NA,NA
wh11005,30.42378711,26.88424082,28.31679859,30.77649979,NA,NA,NA,NA,NA,NA,NA,NA
wh12004,34.30083106,30.19848462,42.04005948,36.51563755,NA,NA,NA,NA,NA,NA,NA,NA
wh12005,21.72697535,29.82599821,17.24639383,15.35649057,NA,NA,NA,NA,NA,NA,NA,NA
wh12008,30.41392143,31.18461304,35.34837008,38.04066505,NA,NA,NA,NA,NA,NA,NA,NA
wh13041,24.45094622,26.52295192,32.8847887,36.84482889,NA,NA,NA,NA,NA,NA,NA,NA
wh13048,4.539045776,6.373896774,3.345372324,11.67274103,NA,NA,NA,NA,NA,NA,NA,NA
wh14082V,22.76661831,22.92906361,23.48008711,25.59394983,NA,NA,NA,NA,NA,NA,NA,NA
wh14102V,31.05691318,26.14106852,40.9340092,30.51909058,NA,NA,NA,NA,NA,NA,NA,NA
wh14210N,27.07960234,28.14020709,24.62490074,20.89061606,NA,NA,NA,NA,NA,NA,NA,NA
wh92047,32.66963621,27.68858755,35.17528563,29.17925699,NA,NA,NA,NA,NA,NA,NA,NA
wu07812,17.58602453,16.22371975,19.50602612,23.76395009,NA,NA,NA,NA,NA,NA,NA,NA
wu10802R,21.03123572,23.78563917,33.90167103,41.91640304,NA,NA,NA,NA,NA,NA,NA,NA
wu10804R,40.86923174,38.94516892,115.0877974,100.9974269,NA,NA,NA,NA,NA,NA,NA,NA
wuh07182i,47.41230322,45.59273062,62.45631331,59.68638758,NA,NA,NA,NA,NA,NA,NA,NA
wuh07428i,23.83608264,26.18900343,19.34194823,24.60914956,NA,NA,NA,NA,NA,NA,NA,NA
wuh07469i,27.99485792,25.4728347,33.60734138,28.73396672,NA,NA,NA,NA,NA,NA,NA,NA
wuh09093i,20.52360743,20.5868456,27.47624194,22.02944612,NA,NA,NA,NA,NA,NA,NA,NA
wuh11812i,18.19256179,20.98951572,21.28370885,30.30584919,NA,NA,NA,NA,NA,NA,NA,NA
